<?xml version="1.0" encoding="UTF-8"?>
<SeedRoot xmlns="xmlns://www.fortifysoftware.com/schema/seed"
          xmlns:xsi="http://www.w3.org/2001/XMLSchema-instance"
          xmlns:types="xmlns://www.fortifysoftware.com/schema/wsTypes">
    <ReportDefinitions>
 	<ReportDefinition publishVersion="2018100003" objectVersion="1" deprecated="true">
            <types:Name>[Deprecated] OWASP 2004</types:Name>
            <types:Guid>OWASP_2004</types:Guid>
	</ReportDefinition>
        <ReportDefinition publishVersion="2018100003" objectVersion="1" deprecated="true">
            <types:Name>[Deprecated] OWASP 2007</types:Name>
            <types:Guid>OWASP_2007</types:Guid>
	</ReportDefinition>
        <ReportDefinition publishVersion="2018100003" objectVersion="1" deprecated="true">
            <types:Name>[Deprecated] OWASP 2010</types:Name>
            <types:Guid>OWASP_2010</types:Guid>
	</ReportDefinition>
        <ReportDefinition publishVersion="2018100003" objectVersion="1" deprecated="true">
            <types:Name>[Deprecated] OWASP 2013</types:Name>
            <types:Guid>OWASP_2013</types:Guid>
	</ReportDefinition>
        <ReportDefinition publishVersion="2018100003" objectVersion="1" deprecated="true">
            <types:Name>[Deprecated] 2009 CWE/SANS Top 25</types:Name>
            <types:Guid>SANS_2009</types:Guid>
	</ReportDefinition>
        <ReportDefinition publishVersion="2018100003" objectVersion="1" deprecated="true">
            <types:Name>[Deprecated] 2010 CWE/SANS Top 25</types:Name>
            <types:Guid>SANS_2010</types:Guid>
	</ReportDefinition>
        <ReportDefinition publishVersion="2018100003" objectVersion="1" deprecated="true">
            <types:Name>[Deprecated] DISA STIG 3.4</types:Name>
            <types:Guid>DISA_STIG_3_4</types:Guid>
	</ReportDefinition>
        <ReportDefinition publishVersion="2018100003" objectVersion="1" deprecated="true">
            <types:Name>[Deprecated] DISA STIG 3.5</types:Name>
            <types:Guid>DISA_STIG_3_5</types:Guid>
	</ReportDefinition>
        <ReportDefinition publishVersion="2018100003" objectVersion="1" deprecated="true">
            <types:Name>[Deprecated] DISA STIG 3.7</types:Name>
            <types:Guid>DISA_STIG_3_7</types:Guid>
	</ReportDefinition>
        <ReportDefinition publishVersion="2018100003" objectVersion="1" deprecated="true">
            <types:Name>[Deprecated] 2011 CWE/SANS Top 25</types:Name>
            <types:Guid>SANS_2011</types:Guid>
	</ReportDefinition>
        <ReportDefinition publishVersion="2018100003" objectVersion="1" deprecated="true">
            <types:Name>[Deprecated] FISMA Compliance: FIPS-200</types:Name>
            <types:Guid>FIPS_200</types:Guid>
	</ReportDefinition>
        <ReportDefinition publishVersion="2018100003" objectVersion="1">
            <types:Name>Application Summary</types:Name>
            <types:Guid>PROJECT_SUMMARY</types:Guid>
            <types:Description>This report provides a complete summary of a single version of an application.  This includes a high-level look at the outstanding issues associated with the application as well as detailed information related to the risk profile.  Also included is a summary of the user activities that have been performed.</types:Description>
            <types:RenderingEngine>BIRT</types:RenderingEngine>
            <types:ReportType>PROJECT</types:ReportType>
            <types:TemplateEntryName>project_report.rptdesign</types:TemplateEntryName>
            <types:ReportParameters>
                <types:ReportParameter>
                    <types:ReportParamType>SINGLE_PROJECT</types:ReportParamType>
                    <types:Name>Application Version</types:Name>
                    <types:Description>The version of the application to be used in the report.</types:Description>
                    <types:Identifier>projectversionid</types:Identifier>
                </types:ReportParameter>
                <types:ReportParameter>
                    <types:ReportParamType>BOOLEAN</types:ReportParamType>
                    <types:Name>Include OWASP Top Ten 2013</types:Name>
                    <types:Description>Include summary of issues by OWASP Top Ten 2007 category.</types:Description>
                    <types:Identifier>includeOWASP2013</types:Identifier>
                </types:ReportParameter>
                <types:ReportParameter>
                    <types:ReportParamType>BOOLEAN</types:ReportParamType>
                    <types:Name>Include PCI DSS 3.0</types:Name>
                    <types:Description>Include summary of issues by PCI DSS 3.0 category.</types:Description>
                    <types:Identifier>includePCI30</types:Identifier>
                </types:ReportParameter>
                <types:ReportParameter>
                    <types:ReportParamType>BOOLEAN</types:ReportParamType>
                    <types:Name>Include CWE</types:Name>
                    <types:Description>Include summary of issues by CWE category.</types:Description>
                    <types:Identifier>includeCWE</types:Identifier>
                </types:ReportParameter>
                <types:ReportParameter>
                    <types:ReportParamType>BOOLEAN</types:ReportParamType>
                    <types:Name>Include WASC 24</types:Name>
                    <types:Description>Include summary of issues by WASC 24 category.</types:Description>
                    <types:Identifier>includeWASC</types:Identifier>
                </types:ReportParameter>
                <types:ReportParameter>
                    <types:ReportParamType>BOOLEAN</types:ReportParamType>
                    <types:Name>Include DOD STIG 3.7</types:Name>
                    <types:Description>Include summary of issues by DOD STIG 3.7 category.</types:Description>
                    <types:Identifier>includeSTIG37</types:Identifier>
                </types:ReportParameter>
                <types:ReportParameter>
                    <types:ReportParamType>BOOLEAN</types:ReportParamType>
                    <types:Name>Include Appendix A</types:Name>
                    <types:Description>The details of the audited issues.</types:Description>
                    <types:Identifier>includeAppendixA</types:Identifier>
                </types:ReportParameter>
                <types:ReportParameter>
                    <types:ReportParamType>BOOLEAN</types:ReportParamType>
                    <types:Name>Include Appendix B</types:Name>
                    <types:Description>Summary of suppressed issues.</types:Description>
                    <types:Identifier>includeAppendixB</types:Identifier>
                </types:ReportParameter>
                <types:ReportParameter>
                    <types:ReportParamType>BOOLEAN</types:ReportParamType>
                    <types:Name>Include Appendix C</types:Name>
                    <types:Description>The details of any new audited issues.</types:Description>
                    <types:Identifier>includeAppendixC</types:Identifier>
                </types:ReportParameter>
                <types:ReportParameter>
                    <types:ReportParamType>BOOLEAN</types:ReportParamType>
                    <types:Name>Include Appendix D</types:Name>
                    <types:Description>The details of any removed audited issues.</types:Description>
                    <types:Identifier>includeAppendixD</types:Identifier>
                </types:ReportParameter>
                <types:ReportParameter>
                    <types:ReportParamType>BOOLEAN</types:ReportParamType>
                    <types:Name>Include Appendix E</types:Name>
                    <types:Description>High level summary of all dependant applications.</types:Description>
                    <types:Identifier>includeAppendixE</types:Identifier>
                </types:ReportParameter>
                <types:ReportParameter>
                    <types:ReportParamType>BOOLEAN</types:ReportParamType>
                    <types:Name>Include Appendix F</types:Name>
                    <types:Description>Descriptions of all relevant vulnerability categories.</types:Description>
                    <types:Identifier>includeAppendixF</types:Identifier>
                </types:ReportParameter>
            </types:ReportParameters>
        </ReportDefinition>
        
        <ReportDefinition publishVersion="2018100003" objectVersion="1">
            <types:Name>Seven Pernicious Kingdoms</types:Name>
            <types:Guid>SEVEN_PK</types:Guid>
            <types:Description>This report details Fortify's Seven Pernicious Kingdoms related findings from the application and provides information on where and how to fix specific issues. Furthermore, this report provides information on the technical risk posed by the unremediated findings discovered during analysis. Finally, the report provides an estimate of the development effort needed to test, verify, and fix the findings. The information contained in this report is targeted at project managers, security auditors, and software developers. </types:Description>
            <types:RenderingEngine>BIRT</types:RenderingEngine>
            <types:ReportType>ISSUE</types:ReportType>
            <types:TemplateEntryName>7pk.rptdesign</types:TemplateEntryName>
            <types:ReportParameters>
                <types:ReportParameter>
                    <types:ReportParamType>SINGLE_PROJECT</types:ReportParamType>
                    <types:Name>Application Version</types:Name>
                    <types:Description>The application version used in the report</types:Description>
                    <types:Identifier>projectversionid</types:Identifier>
                </types:ReportParameter>
                <types:ReportParameter>
                    <types:ReportParamType>BOOLEAN</types:ReportParamType>
                    <types:Name>Include Security Findings Details</types:Name>
                    <types:Description>Option to include Security Findings Details</types:Description>
                    <types:Identifier>includeSecurityFindingsDetails</types:Identifier>
                </types:ReportParameter>
                <types:ReportParameter>
                    <types:ReportParamType>BOOLEAN</types:ReportParamType>
                    <types:Name>Include Appendix A</types:Name>
                    <types:Description>Option to include Appendix A: Instance Details</types:Description>
                    <types:Identifier>includeAppendixA</types:Identifier>
                </types:ReportParameter>
            </types:ReportParameters>
        </ReportDefinition>
        
        <ReportDefinition publishVersion="2018100003" objectVersion="1">
            <types:Name>Penetration Testing Correlation</types:Name>
            <types:Guid>PEN_TEST_CORRELATION</types:Guid>
            <types:Description>This report correlates results from 3rd party penetration testing tools with WebInspect Agent, and SCA results.</types:Description>
            <types:RenderingEngine>BIRT</types:RenderingEngine>
            <types:ReportType>ISSUE</types:ReportType>
            <types:TemplateEntryName>AppSecCorrelation.rptdesign</types:TemplateEntryName>
            <types:ReportParameters>
                <types:ReportParameter>
                    <types:ReportParamType>SINGLE_PROJECT</types:ReportParamType>
                    <types:Name>Application Version</types:Name>
                    <types:Description>The application version used in the report</types:Description>
                    <types:Identifier>projectversionid</types:Identifier>
                </types:ReportParameter>
            </types:ReportParameters>
        </ReportDefinition>
        
        <ReportDefinition publishVersion="2018100003" objectVersion="1">
            <types:Name>Issue Trending</types:Name>
            <types:Guid>ISSUE_TRENDING</types:Guid>
            <types:Description>This report provides an overview of changes to application risk over time.</types:Description>
            <types:RenderingEngine>BIRT</types:RenderingEngine>
            <types:ReportType>PORTFOLIO</types:ReportType>
            <types:TemplateEntryName>issueTrend.rptdesign</types:TemplateEntryName>
            <types:ReportParameters>
                <types:ReportParameter>
                    <types:ReportParamType>MULTI_PROJECT</types:ReportParamType>
                    <types:Name>Application Versions</types:Name>
                    <types:Description>The application versions used in the report</types:Description>
                    <types:Identifier>projectversionids</types:Identifier>
                </types:ReportParameter>
                <types:ReportParameter>
                    <types:ReportParamType>DATE</types:ReportParamType>
                    <types:Name>Start Date</types:Name>
                    <types:Description>The start date used in the report</types:Description>
                    <types:Identifier>startDate</types:Identifier>
                </types:ReportParameter>
                <types:ReportParameter>
                    <types:ReportParamType>DATE</types:ReportParamType>
                    <types:Name>End Date</types:Name>
                    <types:Description>The end date used in the report</types:Description>
                    <types:Identifier>endDate</types:Identifier>
                </types:ReportParameter>
            </types:ReportParameters>
        </ReportDefinition>
        <ReportDefinition publishVersion="2018100003" objectVersion="1">
            <types:Name>SSA Progress</types:Name>
            <types:Guid>SSA_PROGRESS</types:Guid>
            <types:Description>This report details the completion of the security requirements for several applications. By monitoring the progress of various applications throughout the secure software development lifecycle, project managers and corporate security officers can identify potential roadblocks to the SDL process roll-out. The data presented can also be used to determine if applications are completing their security obligations in a timely and consistent manner. Data is organized and presented for maximum usefulness to security officers and project managers. </types:Description>
            <types:RenderingEngine>BIRT</types:RenderingEngine>
            <types:ReportType>SSA_PORTFOLIO</types:ReportType>
            <types:TemplateEntryName>portfoliostatus.rptdesign</types:TemplateEntryName>
            <types:ReportParameters>
                <types:ReportParameter>
                    <types:ReportParamType>MULTI_SSA_PROJECT</types:ReportParamType>
                    <types:Name>Application Versions</types:Name>
                    <types:Description>The application versions used in the report</types:Description>
                    <types:Identifier>projectversionids</types:Identifier>
                </types:ReportParameter>
            </types:ReportParameters>
        </ReportDefinition>
        
        <ReportDefinition publishVersion="2018100003" objectVersion="1">
            <types:Name>SSA Application Summary</types:Name>
            <types:Guid>SSA_PROJECT_SUMMARY</types:Guid>
            <types:Description>This report details the completion of a single application's security requirements. By monitoring the progress of a application throughout the secure software development lifecycle, project managers and corporate security officers can identify potential roadblocks to the SDL process roll-out. The data presented can also be used to determine if an application is completing its security obligations in a timely and consistent manner. The information is presented in a manner to be most useful for security officers and project managers. </types:Description>
            <types:RenderingEngine>BIRT</types:RenderingEngine>
            <types:ReportType>SSA_PROJECT</types:ReportType>
            <types:TemplateEntryName>projectversionstatus.rptdesign</types:TemplateEntryName>
            <types:ReportParameters>
                <types:ReportParameter>
                    <types:ReportParamType>SINGLE_SSA_PROJECT</types:ReportParamType>
                    <types:Name>Application Version</types:Name>
                    <types:Description>The application version used in the report</types:Description>
                    <types:Identifier>projectversionid</types:Identifier>
                </types:ReportParameter>
            </types:ReportParameters>
        </ReportDefinition>
        
        <ReportDefinition publishVersion="2018100003" objectVersion="1">
            <types:Name>Security at a Glance</types:Name>
            <types:Guid>SECURITY_AT_A_GLANCE</types:Guid>
            <types:Description>This report provides a high-level overview of the security of an enterprise's application portfolio. The data included in the report directs portfolio owners towards the top risk concerns within the portfolio. These concerns are presented in the form of riskiest applications and the most pervasive vulnerability types found. Combined with the enterprise business risk data, this information helps in prioritizing resources towards remediation efforts. The information is presented in a manner to be most useful for security officers and project managers. </types:Description>
            <types:RenderingEngine>BIRT</types:RenderingEngine>
            <types:ReportType>PORTFOLIO</types:ReportType>
            <types:TemplateEntryName>sec-at-a-glance.rptdesign</types:TemplateEntryName>
            <types:ReportParameters>
                    <types:ReportParameter>
                    <types:ReportParamType>PROJECT_ATTRIBUTE</types:ReportParamType>
                    <types:Name>Application Attribute</types:Name>
                    <types:Description>The application attribute used in the report</types:Description>
                    <types:Identifier>metadef_id</types:Identifier>
                </types:ReportParameter>
                <types:ReportParameter>
                    <types:ReportParamType>MULTI_PROJECT</types:ReportParamType>
                    <types:Name>Application Versions</types:Name>
                    <types:Description>The application versions used in the report</types:Description>
                    <types:Identifier>projectversionids</types:Identifier>
                </types:ReportParameter>
            </types:ReportParameters>
        </ReportDefinition>
        
        <ReportDefinition publishVersion="2018100003" objectVersion="1">
            <types:Name>Key Performance Indicators</types:Name>
            <types:Guid>KEY_PERF_INDICATORS</types:Guid>
            <types:Description>This report condenses multiple software security performance indicators by application attributes. Managers can utilize this view of the application portfolio to do basic comparisons between the attribute groupings. While this view alone is inadequate for a complete "apples-to-apples" comparison between applications, combined with other enterprise data, it can aid in security planning. The information is presented in a manner to be most useful for security officers and project managers. </types:Description>
            <types:RenderingEngine>BIRT</types:RenderingEngine>
            <types:ReportType>PORTFOLIO</types:ReportType>
            <types:TemplateEntryName>kpi.rptdesign</types:TemplateEntryName>
            <types:ReportParameters>
                <types:ReportParameter>
                    <types:ReportParamType>PROJECT_ATTRIBUTE</types:ReportParamType>
                    <types:Name>Application Attribute</types:Name>
                    <types:Description>The application attribute used in the report</types:Description>
                    <types:Identifier>metadef_id</types:Identifier>
                </types:ReportParameter>
                <types:ReportParameter>
                    <types:ReportParamType>MULTI_PROJECT</types:ReportParamType>
                    <types:Name>Application Versions</types:Name>
                    <types:Description>The application versions used in the report</types:Description>
                    <types:Identifier>projectversionids</types:Identifier>
                </types:ReportParameter>
            </types:ReportParameters>
        </ReportDefinition>
        
        <ReportDefinition publishVersion="2018100003" objectVersion="1">
            <types:Name>Hierarchical Summary</types:Name>
            <types:Guid>HIERARCHICAL_SUMMARY</types:Guid>
            <types:Description>This report provides a three level hierarchical summarization.  The first level provides overview statistics for all applications included in the report, the second level groups applications by the values of the passed in application attribute. The final level of summarization groups the applications by the user identified as the owner.  Finally the details for each application are enumerated.  Any of these levels can be optionally excluded from the report.</types:Description>
            <types:RenderingEngine>BIRT</types:RenderingEngine>
            <types:ReportType>PORTFOLIO</types:ReportType>
            <types:TemplateEntryName>project_summary.rptdesign</types:TemplateEntryName>
            <types:ReportParameters>
                <types:ReportParameter>
                    <types:ReportParamType>PROJECT_ATTRIBUTE</types:ReportParamType>
                    <types:Name>Application Attribute</types:Name>
                    <types:Description>The application attribute used in the report</types:Description>
                    <types:Identifier>metadef_id</types:Identifier>
                </types:ReportParameter>
                <types:ReportParameter>
                    <types:ReportParamType>MULTI_PROJECT</types:ReportParamType>
                    <types:Name>Application Versions</types:Name>
                    <types:Description>The application versions used in the report</types:Description>
                    <types:Identifier>projectversionids</types:Identifier>
                </types:ReportParameter>
                <types:ReportParameter>
                    <types:ReportParamType>BOOLEAN</types:ReportParamType>
                    <types:Name>Include Owner Summary</types:Name>
                    <types:Description>Include a summary of applications aggregated by owner.</types:Description>
                    <types:Identifier>includeOwnerSummary</types:Identifier>
                </types:ReportParameter>
                <types:ReportParameter>
                    <types:ReportParamType>BOOLEAN</types:ReportParamType>
                    <types:Name>Include individual application details</types:Name>
                    <types:Description>Include a one-page summary of each application version passed into the report.</types:Description>
                    <types:Identifier>includeProjectDetails</types:Identifier>
                </types:ReportParameter>
            </types:ReportParameters>
        </ReportDefinition>
            
        <ReportDefinition publishVersion="2018100003" objectVersion="1" deprecated="true">
            <types:Name>[Deprecated] Developer Workbook</types:Name>
            <types:Guid>DEVELOPER_WORKBOOK</types:Guid>
            <types:Description>This workbook is intended to provide all necessary details and information for a developer to understand and remediate the different issues discovered during an application audit. The information contained in this workbook is targeted at project managers and developers.</types:Description>
            <types:RenderingEngine>BIRT</types:RenderingEngine>
            <types:ReportType>ISSUE</types:ReportType>
            <types:TemplateEntryName>DeveloperWorkBook.rptdesign</types:TemplateEntryName>
            <types:ReportParameters>
                <types:ReportParameter>
                    <types:ReportParamType>SINGLE_PROJECT</types:ReportParamType>
                    <types:Name>Application Version</types:Name>
                    <types:Description>The application version used in the report</types:Description>
                    <types:Identifier>projectversionid</types:Identifier>
                </types:ReportParameter>
                <types:ReportParameter>
                    <types:ReportParamType>BOOLEAN</types:ReportParamType>
                    <types:Name>Detailed Report</types:Name>
                    <types:Description>Provide detailed descriptions of reported issues</types:Description>
                    <types:Identifier>SecurityIssueDetails</types:Identifier>
                </types:ReportParameter>
            </types:ReportParameters>
        </ReportDefinition>
        
        <ReportDefinition publishVersion="2018100003" objectVersion="1">
            <types:Name>Developer Workbook</types:Name>
            <types:Guid>NEW_DEV_WORKBOOK</types:Guid>
            <types:Description>This report is intended to provide the necessary details and information for a developer to understand and remediate the different issues discovered during an application audit. The information contained in this workbook is targeted at project managers and developers.</types:Description>
            <types:RenderingEngine>BIRT</types:RenderingEngine>
            <types:ReportType>ISSUE</types:ReportType>
            <types:TemplateEntryName>NewDevWorkbook.rptdesign</types:TemplateEntryName>
            <types:ReportParameters>
                <types:ReportParameter>
                    <types:ReportParamType>SINGLE_PROJECT</types:ReportParamType>
                    <types:Name>Application Version</types:Name>
                    <types:Description>The application version used in the report</types:Description>
                    <types:Identifier>projectversionid</types:Identifier>
                </types:ReportParameter>
                <types:ReportParameter>
                    <types:ReportParamType>BOOLEAN</types:ReportParamType>
                    <types:Name>Key Terminology</types:Name>
                    <types:Description>Include the 'Description of Key Terminology' section</types:Description>
                    <types:Identifier>IncludeSectionDescriptionOfKeyTerminology</types:Identifier>
                </types:ReportParameter>
                <types:ReportParameter>
                    <types:ReportParamType>BOOLEAN</types:ReportParamType>
                    <types:Name>About Fortify Solutions</types:Name>
                    <types:Description>Include the 'About Fortify Solutions' section</types:Description>
                    <types:Identifier>IncludeSectionAboutHPEnterpriseSecurity</types:Identifier>
                </types:ReportParameter>
            </types:ReportParameters>
        </ReportDefinition>    
                            
        <ReportDefinition publishVersion="2018100003" objectVersion="1" deprecated="true">
            <types:Name>[Deprecated] Vulnerability Report</types:Name>
            <types:Guid>VULNERABILITY_REPORT</types:Guid>
            <types:Description>The Vulnerability Report shows how issues are distributed across the entire application, based on severity level and vulnerability category. Project managers can use this information to evaluate the security posture of the application and identify issues that require immediate attention. NOTE: this report includes only dynamic code analysis data.</types:Description>
            <types:RenderingEngine>BIRT</types:RenderingEngine>
            <types:ReportType>ISSUE</types:ReportType>
            <types:TemplateEntryName>WIEVulnerabilityReport.rptdesign</types:TemplateEntryName>
            <types:ReportParameters>
                <types:ReportParameter>
                    <types:ReportParamType>SINGLE_PROJECT</types:ReportParamType>
                    <types:Name>Application Version</types:Name>
                    <types:Description>The application version used in the report</types:Description>
                    <types:Identifier>projectversionid</types:Identifier>
                </types:ReportParameter>
                <types:ReportParameter>
                    <types:ReportParamType>BOOLEAN</types:ReportParamType>
                    <types:Name>Detailed Report</types:Name>
                    <types:Description>Provide detailed descriptions of reported issues</types:Description>
                    <types:Identifier>SecurityIssueDetails</types:Identifier>
                </types:ReportParameter>
                <types:ReportParameter>
                    <types:ReportParamType>BOOLEAN</types:ReportParamType>
                    <types:Name>Show Appendix</types:Name>
                    <types:Description>Include the Appendix in the report</types:Description>
                    <types:Identifier>SecurityIssueDetails</types:Identifier>
                </types:ReportParameter>
            </types:ReportParameters>
        </ReportDefinition>
   		
   	<ReportDefinition publishVersion="2018100003" objectVersion="1">
            <types:Name>Vulnerability Report</types:Name>
            <types:Guid>NEW_VULNERABILITY_REPORT</types:Guid>
            <types:Description>The Vulnerability Report shows how issues found by dynamic testing are distributed across the entire application, based on severity level and vulnerability category. Project managers can use this information to evaluate the security posture of the application and identify issues that require immediate attention. NOTE: this report includes only dynamic testing data.</types:Description>
            <types:RenderingEngine>BIRT</types:RenderingEngine>
            <types:ReportType>ISSUE</types:ReportType>
            <types:TemplateEntryName>NewWIEVulnerability.rptdesign</types:TemplateEntryName>
            <types:ReportParameters>
                <types:ReportParameter>
                    <types:ReportParamType>SINGLE_PROJECT</types:ReportParamType>
                    <types:Name>Application Version</types:Name>
                    <types:Description>The application version used in the report</types:Description>
                    <types:Identifier>projectversionid</types:Identifier>
                </types:ReportParameter>
            </types:ReportParameters>
        </ReportDefinition>
        
        <ReportDefinition publishVersion="2018100003" objectVersion="1">
            <types:Name>OWASP Top 10</types:Name>
            <types:Guid>OWASP_Top_10</types:Guid>
            <types:Description>Report details the OWASP Top 10 related findings from the application and provides information on where and how to fix specific issues. Furthermore, this report provides information on the technical risk posed by the unremediated findings discovered during analysis. Finally, the report provides an estimate of the development effort needed to test, verify, and fix the findings. The information contained in this report is targeted at project managers, security auditors, and software developers.</types:Description>
            <types:RenderingEngine>BIRT</types:RenderingEngine>
            <types:ReportType>ISSUE</types:ReportType>
            <types:TemplateEntryName>OwaspTop10.rptdesign</types:TemplateEntryName>
            <types:ReportParameters>
                <types:ReportParameter>
                    <types:ReportParamType>SINGLE_SELECT_DEFAULT</types:ReportParamType>
                    <types:Name>Options</types:Name>
                    <types:Description>OWASP Top 10 Options</types:Description>
                    <types:Identifier>ExternalListGUID</types:Identifier>
                    <types:Options>
	                <types:OptionsList>
						<types:Option>
							<types:Value>3C6ECB67-BBD9-4259-A8DB-B49328927248</types:Value>
							<types:DisplayName>OWASP Top 10 2017</types:DisplayName>
							<types:Description>OWASP Top 10 2017</types:Description>
							<types:Default>true</types:Default>
							<types:Order>0</types:Order>
						</types:Option>
						<types:Option>
							<types:Value>1A2B4C7E-93B0-4502-878A-9BE40D2A25C4</types:Value>
							<types:DisplayName>OWASP Top 10 2013</types:DisplayName>
							<types:Description>OWASP Top 10 2013</types:Description>
							<types:Default>false</types:Default>
							<types:Order>1</types:Order>
	                    </types:Option>
	                    <types:Option>
                                <types:Value>FDCECA5E-C2A8-4BE8-BB26-76A8ECD0ED59</types:Value>
                                <types:DisplayName>OWASP Top 10 2010</types:DisplayName>
                                <types:Description>OWASP Top 10 2010</types:Description>
                                <types:Default>false</types:Default>
                                <types:Order>2</types:Order>
	                    </types:Option>
	                    <types:Option>
                                <types:Value>1EB1EC0E-74E6-49A0-BCE5-E6603802987A</types:Value>
                                <types:DisplayName>OWASP Top 10 2007</types:DisplayName>
                                <types:Description>OWASP Top 10 2007</types:Description>
                                <types:Default>false</types:Default>
                                <types:Order>3</types:Order>
	                    </types:Option>
	                    <types:Option>
                                <types:Value>771C470C-9274-4580-8556-C023E4D3ADB4</types:Value>
                                <types:DisplayName>OWASP Top 10 2004</types:DisplayName>
                                <types:Description>OWASP Top 10 2004</types:Description>
                                <types:Default>false</types:Default>
                                <types:Order>4</types:Order>
	                    </types:Option>
                        </types:OptionsList>
	            </types:Options>
	        </types:ReportParameter>
                <types:ReportParameter>
                    <types:ReportParamType>SINGLE_PROJECT</types:ReportParamType>
                    <types:Name>Application Version</types:Name>
                    <types:Description>The application version used in the report</types:Description>
                    <types:Identifier>projectversionid</types:Identifier>
                </types:ReportParameter>	        
                <types:ReportParameter>
                    <types:ReportParamType>BOOLEAN</types:ReportParamType>
                    <types:Name>Detailed Report</types:Name>
                    <types:Description>Provide detailed descriptions of reported issues</types:Description>
                    <types:Identifier>SecurityIssueDetails</types:Identifier>
                </types:ReportParameter>
                <types:ReportParameter>
                    <types:ReportParamType>BOOLEAN</types:ReportParamType>
                    <types:Name>Categories by Fortify Priority</types:Name>
                    <types:Description>Use Fortify Priority instead of folder names to categorize issues</types:Description>
                    <types:Identifier>UseFriorityInsteadOfFolderNames</types:Identifier>
                </types:ReportParameter>
                <types:ReportParameter>
                    <types:ReportParamType>BOOLEAN</types:ReportParamType>
                    <types:Name>Key Terminology</types:Name>
                    <types:Description>Include the 'Description of Key Terminology' section</types:Description>
                    <types:Identifier>IncludeSectionDescriptionOfKeyTerminology</types:Identifier>
                </types:ReportParameter>
                <types:ReportParameter>
                    <types:ReportParamType>BOOLEAN</types:ReportParamType>
                    <types:Name>About Fortify Solutions</types:Name>
                    <types:Description>Include the 'About Fortify Solutions' section</types:Description>
                    <types:Identifier>IncludeSectionAboutHPEnterpriseSecurity</types:Identifier>
                </types:ReportParameter>
            </types:ReportParameters>
        </ReportDefinition>
            
        <ReportDefinition publishVersion="2018100003" objectVersion="1">
            <types:Name>DISA STIG</types:Name>
            <types:Guid>DISA_STIG</types:Guid>
            <types:Description>This report examines DISA compliance through STIG violations from the application and provides information on where and how to fix specific issues. Furthermore, this report provides information on the technical risk posed by the unremediated findings discovered during analysis. Finally, the report provides an estimate of the development effort needed to test, verify, and fix the findings. The information contained in this report is targeted at project managers, security auditors, and software developers.</types:Description>
            <types:RenderingEngine>BIRT</types:RenderingEngine>
            <types:ReportType>ISSUE</types:ReportType>
            <types:TemplateEntryName>DisaStig.rptdesign</types:TemplateEntryName>
            <types:ReportParameters>
                <types:ReportParameter>
	            <types:ReportParamType>SINGLE_SELECT_DEFAULT</types:ReportParamType>
	            <types:Name>Options</types:Name>
	            <types:Description>DISA STIG Options</types:Description>
	            <types:Identifier>ExternalListGUID</types:Identifier>
				<types:Options>
	                <types:OptionsList>
                        <types:Option>
                            <types:Value>E6010E0A-7F71-4388-B8B7-EE9A02143474</types:Value>
                            <types:DisplayName>DISA STIG 4.5</types:DisplayName>
                            <types:Description>DISA STIG 4.5</types:Description>
                            <types:Default>true</types:Default>
                            <types:Order>0</types:Order>
                        </types:Option>
						<types:Option>
							<types:Value>ECEC5CA2-7ACA-4B70-BF44-3248B9C6F4F8</types:Value>
							<types:DisplayName>DISA STIG 4.4</types:DisplayName>
							<types:Description>DISA STIG 4.4</types:Description>
							<types:Default>false</types:Default>
							<types:Order>1</types:Order>
						</types:Option>
						<types:Option>
							<types:Value>A0B313F0-29BD-430B-9E34-6D10F1178506</types:Value>
							<types:DisplayName>DISA STIG 4.3</types:DisplayName>
							<types:Description>DISA STIG 4.3</types:Description>
							<types:Default>false</types:Default>
							<types:Order>2</types:Order>
						</types:Option>
						<types:Option>
							<types:Value>672C15F8-8822-4E05-8C9E-1A4BAAA7A373</types:Value>
							<types:DisplayName>DISA STIG 4.2</types:DisplayName>
							<types:Description>DISA STIG 4.2</types:Description>
							<types:Default>false</types:Default>
							<types:Order>3</types:Order>
						</types:Option>
						<types:Option>
							<types:Value>95227C50-A9E4-4C9D-A8AF-FD98ABAE1F3C</types:Value>
							<types:DisplayName>DISA STIG 4.1</types:DisplayName>
							<types:Description>DISA STIG 4.1</types:Description>
							<types:Default>false</types:Default>
							<types:Order>4</types:Order>
						</types:Option>
						<types:Option>
							<types:Value>788A87FE-C9F9-4533-9095-0379A9B35B12</types:Value>
							<types:DisplayName>DISA STIG 3.10</types:DisplayName>
							<types:Description>DISA STIG 3.10</types:Description>
							<types:Default>false</types:Default>
							<types:Order>5</types:Order>
						</types:Option>
						<types:Option>
							<types:Value>1A9D736B-2D4A-49D1-88CA-DF464B40D732</types:Value>
							<types:DisplayName>DISA STIG 3.9</types:DisplayName>
							<types:Description>DISA STIG 3.9</types:Description>
							<types:Default>false</types:Default>
							<types:Order>6</types:Order>
						</types:Option>
	                    <types:Option>
	                        <types:Value>E69C07C0-81D8-4B04-9233-F3E74167C3D2</types:Value>
	                        <types:DisplayName>DISA STIG 3.7</types:DisplayName>
	                        <types:Description>DISA STIG 3.7</types:Description>
	                        <types:Default>false</types:Default>
	                        <types:Order>7</types:Order>
	                    </types:Option>
	                    <types:Option>
	                        <types:Value>DD18E81F-3507-41FA-9DFA-2A9A15B5479F</types:Value>
	                        <types:DisplayName>DISA STIG 3.5</types:DisplayName>
	                        <types:Description>DISA STIG 3.5</types:Description>
	                        <types:Default>false</types:Default>
	                        <types:Order>8</types:Order>
	                    </types:Option>
	                    <types:Option>
	                        <types:Value>58E2C21D-C70F-4314-8994-B859E24CF855</types:Value>
	                        <types:DisplayName>DISA STIG 3.4</types:DisplayName>
	                        <types:Description>DISA STIG 3.4</types:Description>
	                        <types:Default>false</types:Default>
	                        <types:Order>9</types:Order>
	                    </types:Option>
	                 </types:OptionsList>
	            </types:Options>
                </types:ReportParameter>
                <types:ReportParameter>
                    <types:ReportParamType>SINGLE_PROJECT</types:ReportParamType>
                    <types:Name>Application Version</types:Name>
                    <types:Description>The application version used in the report</types:Description>
                    <types:Identifier>projectversionid</types:Identifier>
                </types:ReportParameter>	        
                <types:ReportParameter>
                    <types:ReportParamType>BOOLEAN</types:ReportParamType>
                    <types:Name>Detailed Report</types:Name>
                    <types:Description>Provide detailed descriptions of reported issues</types:Description>
                    <types:Identifier>SecurityIssueDetails</types:Identifier>
                </types:ReportParameter>
                <types:ReportParameter>
                    <types:ReportParamType>BOOLEAN</types:ReportParamType>
                    <types:Name>Categories by Fortify Priority</types:Name>
                    <types:Description>Use Fortify Priority instead of folder names to categorize issues</types:Description>
                    <types:Identifier>UseFriorityInsteadOfFolderNames</types:Identifier>
                </types:ReportParameter>
                <types:ReportParameter>
                    <types:ReportParamType>BOOLEAN</types:ReportParamType>
                    <types:Name>Key Terminology</types:Name>
                    <types:Description>Include the 'Description of Key Terminology' section</types:Description>
                    <types:Identifier>IncludeSectionDescriptionOfKeyTerminology</types:Identifier>
                </types:ReportParameter>
                <types:ReportParameter>
                    <types:ReportParamType>BOOLEAN</types:ReportParamType>
                    <types:Name>About Fortify Solutions</types:Name>
                    <types:Description>Include the 'About Fortify Solutions' section</types:Description>
                    <types:Identifier>IncludeSectionAboutHPEnterpriseSecurity</types:Identifier>
                </types:ReportParameter>
            </types:ReportParameters>
        </ReportDefinition>
            
        <ReportDefinition publishVersion="2018100003" objectVersion="1">
            <types:Name>CWE/SANS Top 25</types:Name>
            <types:Guid>CWE_SANS_Top_25</types:Guid>
            <types:Description>This report details the CWE/SANS Top 25 Most Dangerous Programming Errors (http://www.sans.org/top25-programming-errors/) related findings from the application and provides information on where and how to fix specific issues. Furthermore, this report provides information on the technical risk posed by the unremediated findings discovered during analysis. Finally, the report provides an estimate of the development effort needed to test, verify, and fix the findings. The information contained in this report is targeted at project managers, security auditors, and software developers.</types:Description>
            <types:RenderingEngine>BIRT</types:RenderingEngine>
            <types:ReportType>ISSUE</types:ReportType>
            <types:TemplateEntryName>CweSansTop25.rptdesign</types:TemplateEntryName>
            <types:ReportParameters>
                <types:ReportParameter>
	            <types:ReportParamType>SINGLE_SELECT_DEFAULT</types:ReportParamType>
	            <types:Name>Options</types:Name>
	            <types:Description>CWE/SANS Top 25 Options</types:Description>
	            <types:Identifier>ExternalListGUID</types:Identifier>
	            <types:Options>
	                <types:OptionsList>
	                    <types:Option>
	                        <types:Value>92EB4481-1FD9-4165-8E16-F2DE6CB0BD63</types:Value>
	                        <types:DisplayName>2011 CWE/SANS Top 25</types:DisplayName>
	                        <types:Description>2011 CWE/SANS Top 25</types:Description>
	                        <types:Default>true</types:Default>
	                        <types:Order>0</types:Order>
	                    </types:Option>
	                    <types:Option>
	                        <types:Value>72688795-4F7B-484C-88A6-D4757A6121CA</types:Value>
	                        <types:DisplayName>2010 CWE/SANS Top 25</types:DisplayName>
	                        <types:Description>2010 CWE/SANS Top 25</types:Description>
	                        <types:Default>false</types:Default>
	                        <types:Order>1</types:Order>
	                    </types:Option>
	                    <types:Option>
	                        <types:Value>939EF193-507A-44E2-ABB7-C00B2168B6D8</types:Value>
	                        <types:DisplayName>2009 CWE/SANS Top 25</types:DisplayName>
	                        <types:Description>2009 CWE/SANS Top 25</types:Description>
	                        <types:Default>false</types:Default>
	                        <types:Order>2</types:Order>
	                    </types:Option>
	                </types:OptionsList>
	            </types:Options>
	        </types:ReportParameter>
                <types:ReportParameter>
                    <types:ReportParamType>SINGLE_PROJECT</types:ReportParamType>
                    <types:Name>Application Version</types:Name>
                    <types:Description>The application version used in the report</types:Description>
                    <types:Identifier>projectversionid</types:Identifier>
                </types:ReportParameter>	        
                <types:ReportParameter>
                    <types:ReportParamType>BOOLEAN</types:ReportParamType>
                    <types:Name>Detailed Report</types:Name>
                    <types:Description>Provide detailed descriptions of reported issues</types:Description>
                    <types:Identifier>SecurityIssueDetails</types:Identifier>
                </types:ReportParameter>
                <types:ReportParameter>
                    <types:ReportParamType>BOOLEAN</types:ReportParamType>
                    <types:Name>Categories by Fortify Priority</types:Name>
                    <types:Description>Use Fortify Priority instead of folder names to categorize issues</types:Description>
                    <types:Identifier>UseFriorityInsteadOfFolderNames</types:Identifier>
                </types:ReportParameter>
                <types:ReportParameter>
                    <types:ReportParamType>BOOLEAN</types:ReportParamType>
                    <types:Name>Key Terminology</types:Name>
                    <types:Description>Include the 'Description of Key Terminology' section</types:Description>
                    <types:Identifier>IncludeSectionDescriptionOfKeyTerminology</types:Identifier>
                </types:ReportParameter>
                <types:ReportParameter>
                    <types:ReportParamType>BOOLEAN</types:ReportParamType>
                    <types:Name>About Fortify Solutions</types:Name>
                    <types:Description>Include the 'About Fortify Solutions' section</types:Description>
                    <types:Identifier>IncludeSectionAboutHPEnterpriseSecurity</types:Identifier>
                </types:ReportParameter>
            </types:ReportParameters>
        </ReportDefinition>
            
        <ReportDefinition publishVersion="2018100003" objectVersion="1">
            <types:Name>FISMA Compliance: FIPS-200</types:Name>
            <types:Guid>FISMA_NIST_800-53-Rev4</types:Guid>
            <types:Description>This report examines FISMA compliance, relating to FIPS-200, through controls specified in NIST SP 800-53 by providing policy violations from the application and information on where and how to fix specific issues. Furthermore, this report provides information on the technical risk posed by the un-remediated findings discovered during analysis. Finally, the report provides an estimate of the development effort needed to test, verify, and fix the findings. The information contained in this report is targeted at project managers, security auditors, and software developers.</types:Description>
            <types:RenderingEngine>BIRT</types:RenderingEngine>
            <types:ReportType>ISSUE</types:ReportType>
            <types:TemplateEntryName>FismaNist.rptdesign</types:TemplateEntryName>
            <types:ReportParameters>
                <types:ReportParameter>
	            <types:ReportParamType>SINGLE_SELECT_DEFAULT</types:ReportParamType>
	            <types:Name>Options</types:Name>
	            <types:Description>FISMA/NIST 800-53</types:Description>
	            <types:Identifier>ExternalListGUID</types:Identifier>
	            <types:Options>
	                <types:OptionsList>
	                    <types:Option>
	                        <types:Value>1114583B-EA24-45BE-B7F8-B61201BACDD0</types:Value>
	                        <types:DisplayName>NIST 800-53 Rev 4</types:DisplayName>
	                        <types:Description>NIST 800-53 Rev 4</types:Description>
	                        <types:Default>true</types:Default>
	                        <types:Order>0</types:Order>
	                    </types:Option>
	                </types:OptionsList>    
                    </types:Options>
                </types:ReportParameter>                            
                <types:ReportParameter>
                    <types:ReportParamType>SINGLE_PROJECT</types:ReportParamType>
                    <types:Name>Application Version</types:Name>
                    <types:Description>The application version used in the report</types:Description>
                    <types:Identifier>projectversionid</types:Identifier>
                </types:ReportParameter>	        
                <types:ReportParameter>
                    <types:ReportParamType>BOOLEAN</types:ReportParamType>
                    <types:Name>Detailed Report</types:Name>
                    <types:Description>Provide detailed descriptions of reported issues</types:Description>
                    <types:Identifier>SecurityIssueDetails</types:Identifier>
                </types:ReportParameter>
                <types:ReportParameter>
                    <types:ReportParamType>BOOLEAN</types:ReportParamType>
                    <types:Name>Categories by Fortify Priority</types:Name>
                    <types:Description>Use Fortify Priority instead of folder names to categorize issues</types:Description>
                    <types:Identifier>UseFriorityInsteadOfFolderNames</types:Identifier>
                </types:ReportParameter>
                <types:ReportParameter>
                    <types:ReportParamType>BOOLEAN</types:ReportParamType>
                    <types:Name>Key Terminology</types:Name>
                    <types:Description>Include the 'Description of Key Terminology' section</types:Description>
                    <types:Identifier>IncludeSectionDescriptionOfKeyTerminology</types:Identifier>
                </types:ReportParameter>
                <types:ReportParameter>
                    <types:ReportParamType>BOOLEAN</types:ReportParamType>
                    <types:Name>About Fortify Solutions</types:Name>
                    <types:Description>Include the 'About Fortify Solutions' section</types:Description>
                    <types:Identifier>IncludeSectionAboutHPEnterpriseSecurity</types:Identifier>
                </types:ReportParameter>
            </types:ReportParameters>
        </ReportDefinition>
        
        <ReportDefinition publishVersion="2018100003" objectVersion="1">
	            <types:Name>OWASP Mobile Top 10</types:Name>
	            <types:Guid>OWASP_Mobile_Top_10</types:Guid>
	            <types:Description>Report details the OWASP Mobile Top 10 related findings from the application and provides information on where and how to fix specific issues. Furthermore, this report provides information on the technical risk posed by the unremediated findings discovered during analysis. Finally, the report provides an estimate of the development effort needed to test, verify, and fix the findings. The information contained in this report is targeted at project managers, security auditors, and software developers.</types:Description>
	            <types:RenderingEngine>BIRT</types:RenderingEngine>
	            <types:ReportType>ISSUE</types:ReportType>
	            <types:TemplateEntryName>OWASPMobileTop10.rptdesign</types:TemplateEntryName>
	            <types:ReportParameters>
	                <types:ReportParameter>
	                    <types:ReportParamType>SINGLE_SELECT_DEFAULT</types:ReportParamType>
	                    <types:Name>Options</types:Name>
	                    <types:Description>OWASP Mobile Top 10 Options</types:Description>
	                    <types:Identifier>ExternalListGUID</types:Identifier>
	                    <types:Options>
		                <types:OptionsList>
	                            <types:Option>
	                                <types:Value>EEE3F9E7-28D6-4456-8761-3DA56C36F4EE</types:Value>
	                                <types:DisplayName>OWASP Mobile Top 10 2014</types:DisplayName>
	                                <types:Description>OWASP Mobile Top 10 2014</types:Description>
	                                <types:Default>true</types:Default>
	                                <types:Order>0</types:Order>
		                    </types:Option>
	                        </types:OptionsList>
		            </types:Options>
		        </types:ReportParameter>
	                <types:ReportParameter>
	                    <types:ReportParamType>SINGLE_PROJECT</types:ReportParamType>
	                    <types:Name>Application Version</types:Name>
	                    <types:Description>The application version used in the report</types:Description>
	                    <types:Identifier>projectversionid</types:Identifier>
	                </types:ReportParameter>	        
	                <types:ReportParameter>
	                    <types:ReportParamType>BOOLEAN</types:ReportParamType>
	                    <types:Name>Detailed Report</types:Name>
	                    <types:Description>Provide detailed descriptions of reported issues</types:Description>
	                    <types:Identifier>SecurityIssueDetails</types:Identifier>
	                </types:ReportParameter>
	                <types:ReportParameter>
	                    <types:ReportParamType>BOOLEAN</types:ReportParamType>
	                    <types:Name>Categories by Fortify Priority</types:Name>
	                    <types:Description>Use Fortify Priority instead of folder names to categorize issues</types:Description>
	                    <types:Identifier>UseFriorityInsteadOfFolderNames</types:Identifier>
	                </types:ReportParameter>
	                <types:ReportParameter>
	                    <types:ReportParamType>BOOLEAN</types:ReportParamType>
	                    <types:Name>Key Terminology</types:Name>
	                    <types:Description>Include the 'Description of Key Terminology' section</types:Description>
	                    <types:Identifier>IncludeSectionDescriptionOfKeyTerminology</types:Identifier>
	                </types:ReportParameter>
	                <types:ReportParameter>
	                    <types:ReportParamType>BOOLEAN</types:ReportParamType>
	                    <types:Name>About Fortify Solutions</types:Name>
	                    <types:Description>Include the 'About Fortify Solutions' section</types:Description>
	                    <types:Identifier>IncludeSectionAboutHPEnterpriseSecurity</types:Identifier>
	                </types:ReportParameter>
	            </types:ReportParameters>
        </ReportDefinition>
        
	<ReportDefinition publishVersion="2018100003" objectVersion="1">
            <types:Name>WASC</types:Name>
            <types:Guid>WASC</types:Guid>
            <types:Description>This report examines and groups weaknesses in web applications based upon the Web Application Security Consortium (WASC) threat classifications. Furthermore, this report provides information on the technical risk posed by the unremediated findings discovered during analysis. Finally, the report provides an estimate of the development effort needed to test, verify, and fix the findings. The information contained in this report is targeted at project managers, security auditors, and software developers.</types:Description>
            <types:RenderingEngine>BIRT</types:RenderingEngine>
            <types:ReportType>ISSUE</types:ReportType>
            <types:TemplateEntryName>Wasc.rptdesign</types:TemplateEntryName>
            <types:ReportParameters>
                <types:ReportParameter>
	            <types:ReportParamType>SINGLE_SELECT_DEFAULT</types:ReportParamType>
	            <types:Name>Options</types:Name>
	            <types:Description>WASC Options</types:Description>
	            <types:Identifier>ExternalListGUID</types:Identifier>
	            <types:Options>
	                <types:OptionsList>
			    <types:Option>
	                        <types:Value>74f8081d-dd49-49da-880f-6830cebe9777</types:Value>
	                        <types:DisplayName>WASC 2.00</types:DisplayName>
	                        <types:Description>WASC 2.00</types:Description>
	                        <types:Default>true</types:Default>
	                        <types:Order>0</types:Order>
	                    </types:Option>
	                    <types:Option>
	                        <types:Value>9DC61E7F-1A48-4711-BBFD-E9DFF537871F</types:Value>
	                        <types:DisplayName>WASC 24 + 2</types:DisplayName>
	                        <types:Description>WASC 24 + 2</types:Description>
	                        <types:Default>false</types:Default>
	                        <types:Order>1</types:Order>
	                    </types:Option>
	                 </types:OptionsList>
	            </types:Options>
                </types:ReportParameter>
                <types:ReportParameter>
                    <types:ReportParamType>SINGLE_PROJECT</types:ReportParamType>
                    <types:Name>Application Version</types:Name>
                    <types:Description>The application version used in the report</types:Description>
                    <types:Identifier>projectversionid</types:Identifier>
                </types:ReportParameter>	        
                <types:ReportParameter>
                    <types:ReportParamType>BOOLEAN</types:ReportParamType>
                    <types:Name>Detailed Report</types:Name>
                    <types:Description>Provide detailed descriptions of reported issues</types:Description>
                    <types:Identifier>SecurityIssueDetails</types:Identifier>
                </types:ReportParameter>
                <types:ReportParameter>
                    <types:ReportParamType>BOOLEAN</types:ReportParamType>
                    <types:Name>Categories by Fortify Priority</types:Name>
                    <types:Description>Use Fortify Priority instead of folder names to categorize issues</types:Description>
                    <types:Identifier>UseFriorityInsteadOfFolderNames</types:Identifier>
                </types:ReportParameter>
                <types:ReportParameter>
                    <types:ReportParamType>BOOLEAN</types:ReportParamType>
                    <types:Name>Key Terminology</types:Name>
                    <types:Description>Include the 'Description of Key Terminology' section</types:Description>
                    <types:Identifier>IncludeSectionDescriptionOfKeyTerminology</types:Identifier>
                </types:ReportParameter>
                <types:ReportParameter>
                    <types:ReportParamType>BOOLEAN</types:ReportParamType>
                    <types:Name>About Fortify Solutions</types:Name>
                    <types:Description>Include the 'About Fortify Solutions' section</types:Description>
                    <types:Identifier>IncludeSectionAboutHPEnterpriseSecurity</types:Identifier>
                </types:ReportParameter>
            </types:ReportParameters>
        </ReportDefinition>
	
        <ReportDefinition publishVersion="2018100003"  objectVersion="1">
            <types:Name>GDPR</types:Name>
            <types:Guid>GDPR</types:Guid>
            <types:Description>The EU General Data Protection Regulation (GDPR) replaces the Data Protection Directive 95/46/EC and was designed to harmonize data privacy laws across Europe, to protect and empower all EU citizens data privacy and to reshape the way organizations across the region approach data privacy. Going into effect on May 25, 2018 GDPR provides a framework for organizations on how to handle personal data.
                According GDPR regulation personal data "means any information relating to an identified or identifiable natural person ('data subject'); an identifiable natural person is one who can be identified, directly or indirectly, in particular by reference to an identifier such as a name, an identification number, location data, an online identifier or to one or more factors specific to the physical, physiological, genetic, mental, economic, cultural or social identity of that natural person;"
                GDPR articles that pertain to application security and require businesses to protect personal data during design and development of its product and services are:
                - Article 25, Data protection by design and by default - which requires "The controller shall implement appropriate technical and organisational measures for ensuring that, by default, only personal data which are necessary for each specific purpose of the processing are processed."
                - Article 32, Security of processing - which requires businesses to protect its systems and applications "from accidental or unlawful destruction, loss, alteration, unauthorized disclosure of, or access to personal data".
                This report may be used by organizations as a framework to help identify and protect personal data as it relates to application security.
            </types:Description>
            <types:RenderingEngine>BIRT</types:RenderingEngine>
            <types:ReportType>ISSUE</types:ReportType>
            <types:TemplateEntryName>GDPR.rptdesign</types:TemplateEntryName>
            <types:ReportParameters>
                <types:ReportParameter>
                    <types:ReportParamType>SINGLE_SELECT_DEFAULT</types:ReportParamType>
                    <types:Name>Options</types:Name>
                    <types:Description>GDPR Options</types:Description>
                    <types:Identifier>ExternalListGUID</types:Identifier>
                    <types:Options>
                        <types:OptionsList>
                            <types:Option>
                                <types:Value>771C470C-9274-4580-8556-C12F5E4BEC51</types:Value>
                                <types:DisplayName>GDPR</types:DisplayName>
                                <types:Description>GDPR</types:Description>
                                <types:Default>true</types:Default>
                                <types:Order>0</types:Order>
                            </types:Option>
                        </types:OptionsList>
                    </types:Options>
                </types:ReportParameter>
                <types:ReportParameter>
                    <types:ReportParamType>SINGLE_PROJECT</types:ReportParamType>
                    <types:Name>Application Version</types:Name>
                    <types:Description>The application version used in the report</types:Description>
                    <types:Identifier>projectversionid</types:Identifier>
                </types:ReportParameter>
                <types:ReportParameter>
                    <types:ReportParamType>BOOLEAN</types:ReportParamType>
                    <types:Name>Detailed Report</types:Name>
                    <types:Description>Provide detailed descriptions of reported issues</types:Description>
                    <types:Identifier>SecurityIssueDetails</types:Identifier>
                </types:ReportParameter>
                <types:ReportParameter>
                    <types:ReportParamType>BOOLEAN</types:ReportParamType>
                    <types:Name>Categories by Fortify Priority</types:Name>
                    <types:Description>Use Fortify Priority instead of folder names to categorize issues</types:Description>
                    <types:Identifier>UseFriorityInsteadOfFolderNames</types:Identifier>
                </types:ReportParameter>
                <types:ReportParameter>
                    <types:ReportParamType>BOOLEAN</types:ReportParamType>
                    <types:Name>Key Terminology</types:Name>
                    <types:Description>Include the 'Description of Key Terminology' section</types:Description>
                    <types:Identifier>IncludeSectionDescriptionOfKeyTerminology</types:Identifier>
                </types:ReportParameter>
                <types:ReportParameter>
                    <types:ReportParamType>BOOLEAN</types:ReportParamType>
                    <types:Name>About Fortify Solutions</types:Name>
                    <types:Description>Include the 'About Fortify Solutions' section</types:Description>
                    <types:Identifier>IncludeSectionAboutHPEnterpriseSecurity</types:Identifier>
                </types:ReportParameter>
            </types:ReportParameters>
        </ReportDefinition>		
		
    </ReportDefinitions>
</SeedRoot>
