<?xml version="1.0" encoding="UTF-8"?>
<SeedRoot xmlns="xmlns://www.fortifysoftware.com/schema/seed"		xmlns:types="xmlns://www.fortifysoftware.com/schema/wsTypes"		xmlns:xsi="http://www.w3.org/2001/XMLSchema-instance"		xmlns:runtime="xmlns://www.fortifysoftware.com/schema/runtime">
	<ReportLibraries>		<ReportLibrary publishVersion="2018100003" objectVersion="1">			<types:Name>Fortify F360 DataSource</types:Name>			<types:Description>DataSource for use by SSC reports.</types:Description>			<types:FileEntryName>FortifyF360DataSource.rptlibrary</types:FileEntryName>			<types:Guid>E2090F1F-7E91-447E-938E-B88EE508994A</types:Guid>		</ReportLibrary>		<ReportLibrary publishVersion="2018100003" objectVersion="1">			<types:Name>Fortify Report Library</types:Name>			<types:Description>Library for use by SSC reports.</types:Description>			<types:FileEntryName>FortifyReportLibrary.rptlibrary</types:FileEntryName>			<types:Guid>CE000D27-713E-4566-A55C-7E737E2DD45D</types:Guid>		</ReportLibrary>		<ReportLibrary publishVersion="2018100003" objectVersion="1">			<types:Name>Fortify Basic Elements Library</types:Name>			<types:Description>Basic elements that can be dragged and dropped onto report designs.</types:Description>			<types:FileEntryName>FortifyBasicElements.rptlibrary</types:FileEntryName>			<types:Guid>FC472C5E-9928-4087-AF49-F72341C97332</types:Guid>		</ReportLibrary>		<ReportLibrary publishVersion="2018100003" objectVersion="1">			<types:Name>Fortify Composite Elements Library</types:Name>			<types:Description>Composite elements which are mostly based on elements from Fortify Basic Elements.</types:Description>			<types:FileEntryName>FortifyCompositeElements.rptlibrary</types:FileEntryName>			<types:Guid>43E233BE-179B-49E4-ABE6-A54F7E250B83</types:Guid>		</ReportLibrary>		<ReportLibrary publishVersion="2018100003" objectVersion="1">			<types:Name>Fortify External List Basic Elements Library</types:Name>			<types:Description>Basic external-list related elements that can be dragged and dropped onto report designs.</types:Description>			<types:FileEntryName>FortifyExternalListBasicElements.rptlibrary</types:FileEntryName>			<types:Guid>5E501126-FDC3-4147-984E-CFE01E56690E</types:Guid>		</ReportLibrary>		<ReportLibrary publishVersion="2018100003" objectVersion="1">			<types:Name>Fortify External List Common Sections Library</types:Name>			<types:Description>Ready-to-use sections for external-list based reports.</types:Description>			<types:FileEntryName>FortifyExternalListCommonSections.rptlibrary</types:FileEntryName>			<types:Guid>20B1F540-EC08-42D7-8BCD-34A9AA88C792</types:Guid>		</ReportLibrary>		<ReportLibrary publishVersion="2018100003" objectVersion="1">			<types:Name>Fortify External List Issue Report Library</types:Name>			<types:Description>Complete report design for standard SSC external-list based reports.</types:Description>			<types:FileEntryName>FortifyExternalListIssueReport.rptlibrary</types:FileEntryName>			<types:Guid>2537DE5D-177E-4B61-85C3-EBBBB7F2062D</types:Guid>		</ReportLibrary>		<ReportLibrary publishVersion="2018100003" objectVersion="1">			<types:Name>Fortify Basic Elements Utility Functions</types:Name>			<types:Description>Utility functions and objects useful in report and library design.</types:Description>			<types:FileEntryName>FortifyBasicElements.js</types:FileEntryName>			<types:Guid>387F9894-637F-4BF7-977B-E6F88243E6E2</types:Guid>		</ReportLibrary>		<ReportLibrary publishVersion="2018100003" objectVersion="1">			<types:Name>Fortify External List Basic Elements Utility Functions</types:Name>			<types:Description>Utility functions and objects useful in report and library design involving external lists.</types:Description>			<types:FileEntryName>FortifyExternalListBasicElements.js</types:FileEntryName>			<types:Guid>CC4814A5-AD3D-48A0-BDF9-24A402AE42F1</types:Guid>		</ReportLibrary>		<ReportLibrary publishVersion="2018100003" objectVersion="1">			<types:Name>Fortify WIE Elements Library</types:Name>			<types:Description>Elements to support dynamic issues vulnerability report.</types:Description>			<types:FileEntryName>FortifyWIEElements.rptlibrary</types:FileEntryName>			<types:Guid>4EE4EB8C-156E-4F2B-BDD8-F7B4FE56697B</types:Guid>		</ReportLibrary>
	</ReportLibraries>
</SeedRoot>