<?xml version="1.0" encoding="UTF-8"?>
<SeedRoot xmlns="xmlns://www.fortifysoftware.com/schema/seed"
          xmlns:xsi="http://www.w3.org/2001/XMLSchema-instance"
          xmlns:types="xmlns://www.fortifysoftware.com/schema/wsTypes">
    <ReportDefinitions>
    	<ReportDefinition publishVersion="2018100003" objectVersion="1" deprecated="true">
                <types:Name>[Deprecated] PCI DSS 2.0 Compliance: Application Security Requirements</types:Name>
		<types:Guid>PCI-2_0-COMPLIANCE</types:Guid>
	</ReportDefinition>
	
	<ReportDefinition publishVersion="2018100003" objectVersion="1">
		<types:Name>PCI DSS Compliance: Application Security Requirements</types:Name>
		<types:Guid>435A0830-DEE6-417C-8140-B47EC2254623</types:Guid>
		<types:Description>The following is a summary of the application security portions of PCI DSS. Fortify Software Security Center tests for 21 application security related requirements across sections 3, 4, 6, 7, 8, and 10 of PCI DSS and reports whether each requirement is "In Place" or "Not In Place". The information contained in this report is targeted at project managers, security auditors, and compliance auditors.</types:Description>
		<types:RenderingEngine>BIRT</types:RenderingEngine>
		<types:ReportType>ISSUE</types:ReportType>
		<types:TemplateEntryName>PCINew.rptdesign</types:TemplateEntryName>
		<types:ReportParameters>
			<types:ReportParameter>
			    <types:ReportParamType>SINGLE_SELECT_DEFAULT</types:ReportParamType>
			    <types:Name>Options</types:Name>
			    <types:Description>PCI DSS Compliance</types:Description>
			    <types:Identifier>ExternalListGUID</types:Identifier>
			    <types:Options>
				<types:OptionsList>
					<types:Option>
						<types:Value>4E8431F9-1BA1-41A8-BDBD-087D5826751A</types:Value>
						<types:DisplayName>3.2 Compliance</types:DisplayName>
						<types:Description>3.2 Compliance</types:Description>
						<types:Default>true</types:Default>
						<types:Order>0</types:Order>
					</types:Option>
					<types:Option>
						<types:Value>AC0D18CF-C1DA-47CF-9F1A-E8EC0A4A717E</types:Value>
						<types:DisplayName>3.1 Compliance</types:DisplayName>
						<types:Description>3.1 Compliance</types:Description>
						<types:Default>false</types:Default>
						<types:Order>1</types:Order>
					</types:Option>
				    <types:Option>
						<types:Value>E2FB0D38-0192-4F03-8E01-FE2A12680CA3</types:Value>
						<types:DisplayName>3.0 Compliance</types:DisplayName>
						<types:Description>3.0 Compliance</types:Description>
						<types:Default>false</types:Default>
						<types:Order>2</types:Order>
				    </types:Option>
				    <types:Option>
						<types:Value>8970556D-7F9F-4EA7-8033-9DF39D68FF3E</types:Value>
						<types:DisplayName>2.0 Compliance</types:DisplayName>
						<types:Description>2.0 Compliance</types:Description>
						<types:Default>false</types:Default>
						<types:Order>3</types:Order>
				    </types:Option>
				</types:OptionsList>    
			    </types:Options>
			</types:ReportParameter>       
			<types:ReportParameter>
				<types:ReportParamType>SINGLE_PROJECT</types:ReportParamType>
				<types:Name>Project Version</types:Name>
				<types:Description>The project version used in the report</types:Description>
				<types:Identifier>projectversionid</types:Identifier>
			</types:ReportParameter>
			<types:ReportParameter>
				<types:ReportParamType>BOOLEAN</types:ReportParamType>
				<types:Name>Detailed Report</types:Name>
				<types:Description>Provide detailed descriptions of reported issues</types:Description>
				<types:Identifier>SecurityIssueDetails</types:Identifier>
			</types:ReportParameter>
			<types:ReportParameter>
				<types:ReportParamType>BOOLEAN</types:ReportParamType>
				<types:Name>Key Terminology</types:Name>
				<types:Description>Include the 'Description of Key Terminology' section</types:Description>
				<types:Identifier>IncludeSectionDescriptionOfKeyTerminology</types:Identifier>
			</types:ReportParameter>
			<types:ReportParameter>
				<types:ReportParamType>BOOLEAN</types:ReportParamType>
				<types:Name>About Fortify Solutions</types:Name>
				<types:Description>Include the 'About Fortify Solutions' section</types:Description>
				<types:Identifier>IncludeSectionAboutHPEnterpriseSecurity</types:Identifier>
			</types:ReportParameter>
		</types:ReportParameters>
	</ReportDefinition>
    </ReportDefinitions>
</SeedRoot>
