<?xml version="1.0" encoding="UTF-8"?>
<SeedRoot xmlns="xmlns://www.fortifysoftware.com/schema/seed"
          xmlns:xsi="http://www.w3.org/2001/XMLSchema-instance">
    <Bootstrap BundleIdentifier="BasicPCI-Process-Template" BundleVersion="2018100003"  CompatibleVersion="6.00.00,9.00.00">
        <SeedEntries>ReportDefinitions.xml</SeedEntries>
        <SeedEntries>SDLConfiguration.xml</SeedEntries>
		<SeedEntries>ReportLibraryDefinitions.xml</SeedEntries>
    </Bootstrap>
</SeedRoot>
